Config,Low Threshold,High Threshold,FactScore,Avg Ver Calls
Tight,0.2,0.5,0.41381192881192874,37.0
Default,0.3,0.7,0.40905002405002394,37.06666666666667
Relaxed,0.4,0.8,0.4792640692640691,38.6
Very Tight,0.1,0.4,0.36947089947089956,37.46666666666667
