Granularity,FactScore,Avg Claims,Avg Ver Calls
sentence,0.463049543049543,6.933333333333334,34.4
atomic,0.41455026455026456,7.6,35.86666666666667
