Config,Entropy Weight,Consistency Weight,FactScore,FactScore Std,Avg Ver Calls
Entropy Only,1.0,0.0,0.4291371591371591,0.18709729144468604,39.2
Consistency Only,0.0,1.0,0.5093121693121693,0.235620065017334,36.733333333333334
Combined (Equal),0.5,0.5,0.4643626743626743,0.22237262681663242,37.06666666666667
Combined (E-Heavy),0.7,0.3,0.4627224627224626,0.1930310868373996,38.4
Combined (C-Heavy),0.3,0.7,0.4103563103563103,0.16841606374171286,36.93333333333333
